Word	Frequency
今為	19
偷	5
竊	6
案件	28
偵字	7
號偵查	2
程序	48
通譯	57
之	53
姓名	29
厲嘉鎂	3
身分	18
證字號	13
現居地	7
台北市	5
大安	1
區	2
延吉街	2
號七樓	1
告知	18
義務	8
與	25
責任	7
在	136
庭	11
需要	14
公正	17
誠實	17
譯述	7
否則	8
視同	7
違反	5
偽證罪	2
請朗誦	7
結文	16
並簽	7
名	8
檢察署	2
號偷	2
為	69
謹當	9
之譯述	10
謹此	1
此結	9
被告	74
護照	11
號碼	15
通訊	6
地址	20
權利義務	8
你	418
有權	27
保持	9
緘默	9
毋需	9
違背	9
意志	9
做	17
任何	30
陳	20
述	10
雇用	8
法定	9
辯護人	17
若	6
低收入	8
戶	16
中低收入	8
原住民	8
或	13
其他	13
符合	8
法律	16
規定者	5
得	10
請求	5
服務	10
請	54
法院	17
調查	23
對	53
有利	9
的	539
證據	23
是否	14
了解	28
以上	10
權利	10
原告	12
小倩	2
新北市	13
三峽區	9
學府	2
路	4
號	28
樓	8
因為	42
年	37
月	48
日造訪	1
鶯	2
歌	2
博物	2
館時	1
拿	14
了	77
雨傘	2
此行	2
發生	19
未	3
情況	16
下	11
當你	4
還傘時	1
當場	1
被	4
小倩人	1
傘具	1
獲	2
因此	3
她	30
提出	12
告訴	40
今天	24
主要	16
是	199
要	37
那天	9
什麼	71
事情	10
就	56
我	140
問題	23
加以	4
回答	10
以便	3
檢方	4
當天	12
事	11
發經過	2
嗎	162
待會	1
也	43
會	44
詢問	5
聽	8
經過	4
雙方	20
明白	20
那	77
請問	28
日	30
下午	6
點	14
分時	2
人	74
哪裡	5
當時	8
有	133
看到	8
小姐	5
呢	53
那為	4
說	55
傘	7
意思	31
借	1
傘是	6
同學亞當	1
記得	2
把	20
顏色	2
形狀	1
那支	1
傘整	1
隻	3
都	51
藍色	2
有人	5
可以	38
證明	5
剛剛講	1
話	11
他們	16
三位	3
應該	10
能夠	19
到庭	11
幫	7
佐證	1
剛剛	20
所	17
吧	7
還有	11
希望	33
好	16
我現	3
當天案	1
發	9
能否	2
講述	1
一下	14
去	15
館	1
下雨	2
進館	1
時	8
放在	1
外面	2
架上	2
可是	15
當我	2
出來	5
傘不見	1
請館	1
方人員	1
找	1
後	33
來	24
這個	25
外國人	3
傘拿回	1
放	2
發現	10
他	97
就是	29
我失	1
傘時	1
很	19
生氣	2
有質問	1
何要	1
難道	5
不	27
知道	21
怎麼	11
那麼	7
沒有	23
公德心	1
帶	11
有什麼	4
特徵	2
深藍色	1
提示	14
偵卷	6
第	12
頁	11
照片	7
中	18
妳	11
這把傘	2
普通	3
那種	2
買到	1
確定	3
的確	1
傘當	1
初	2
買	1
但是	4
傘在	1
釦子	1
那邊	3
有點	2
損壞	1
扣不太起	1
這點	2
當初	2
報案	3
特別	4
跟	55
警察	1
解釋過	1
外國	8
人後來	1
回傘	1
由此可知	1
如果	32
對方	18
悔意	1
願意	3
道歉	6
妳有	1
可能	9
原諒	2
畢竟	1
失竊	1
只是	17
一把	2
叫做	2
這是	14
一個	21
沒	29
基本	2
道德	1
來還	1
淋	1
大雨	1
回家	3
不想	2
我們	40
發傳票給	1
提到	8
人士	4
說明	7
事發	1
下次	2
庭訊定	1
和	15
證人	4
應	1
日期	5
到	29
不到	2
基本上	1
要問	1
一起	7
同學及	1
老師	3
但	13
不用	3
這樣	13
還要	1
假	1
庭訊	1
此	10
為止	3
簽完	3
筆錄	5
離席	2
黃	8
意	1
惇	1
大學路	7
中華民國	24
生日	1
資料	2
桃園	4
縣桃園	1
市	1
中山路	1
一段	6
可申	2
救助	1
先生	24
中正	1
國際	3
機場	5
停車場	3
機車	3
車牌	2
上	17
一頂	1
男用	1
帽子	7
之後經	1
受害者	2
警方	5
調閱	3
監視器	3
紀錄	1
經	2
確認	5
該行	1
由	7
於	21
該	7
行為	1
又經	1
涉嫌	2
犯竊	1
盜罪	1
所以	51
航廈	1
接人	1
什麼後來	1
這件	4
你後來	2
然後發生	1
第五	1
這頂	3
然後呢	1
頂	1
那頂	1
別人	2
隨便	1
拿走	2
再	15
一次	11
那時	1
周遭	1
沒人	1
因為現	1
已經	14
提告	2
有意	4
願	2
和解	12
沒關	1
係	7
進行	32
那先訂	1
早上	3
點鐘	1
調解	2
一切	4
順利	1
就會	2
以金錢	1
賠償	1
方式	11
結束	15
案子	2
通知	6
不能	4
配合	1
準時	1
本棟	1
四樓	1
調解室	1
家事	1
親字	2
子女	8
撫養權	13
準備	26
晶鈺	2
聯絡	15
宣讀	5
貴院	7
居留	9
證號碼	9
選任	6
相對	2
史彩	2
雲	2
士林	1
區忠誠路	1
段	2
辯護	3
有委	1
託	6
律師	1
立場	1
們	13
各自	2
認為	4
自己	8
比較	9
適任	2
撫養	5
孩子	13
這一點	2
闡述	1
此外	1
你們	12
這	13
一件	2
正在	2
打離婚	2
盡量	1
不要	3
言語	1
上攻	1
擊對方	1
問告訴	7
爭取	5
所知	1
目前	8
台灣並	3
全職	1
工作	10
又	3
本人	2
一事	9
比	4
較	4
太太	6
雖然	3
還在	6
打	1
離婚	15
官司	2
同住	2
而且	4
還懷疑	1
男子	1
同居	1
這種	7
不願意	2
交給	2
照顧	5
這樣子	10
另外	4
個	16
經濟	3
能力	7
能	4
打算	2
女兒	14
幾份	1
兼職	2
它們	1
本身	1
性質	1
保守	1
估計	1
每個	1
多少	1
固定收入	1
想要	10
問的	1
是關	3
得到	2
帶回	2
加拿大	2
回來	1
我會	2
這樣問	1
即使	1
拿到	4
還是	10
保有	1
探視權	1
小孩子	1
國家	1
變成	1
變相	1
隔	1
離	1
母女	1
見面	1
意見	6
指	4
近期	1
之內	1
並沒有	7
返回	1
母國	1
接下	2
問相	1
現在	5
分居	1
六個	2
妳是	1
時候	28
訴訟	7
大概	5
兩個	5
前提	1
早	1
之前	7
住在一起	2
現	1
居住	2
狀況	3
如何	3
誰	7
住	5
著	2
第一任	2
婚姻	22
兒子	2
第幾次	1
第二任	2
現在爭	1
小孩	5
幾歲	2
我兒子	1
歲	2
大	4
搬出去	2
只有	1
還	2
那現	1
裏	4
中間	2
協議	1
原來	6
搬出	1
地方	5
小	1
房子	3
環境	3
優	1
客觀	1
條件	1
改變	1
仍然	1
不好	4
不是	13
懷胎	1
十個	1
生下	1
阿	1
捨	1
得以	1
看不到	1
加拿大籍	1
台灣	17
穩定	5
隨時	1
回去	2
見	7
而言	1
負擔	1
費用	1
之後能	1
現居	1
那棟	2
裡	1
來講	2
適合	2
成長	1
至於	1
我個	1
提供	12
給	1
一份	1
財產表	1
除此之外	1
固定	1
收入	3
至少	1
萬	1
想	6
地	7
預定	1
判決會	2
或是	6
太	1
禮拜	1
五	1
還會	4
出庭	2
向	5
法官	1
表達	3
判決	1
盡快	1
本院	1
安排	7
社	1
工人	1
員造訪	1
相	1
並且	1
針對	5
相處	3
做出	2
評估	1
本庭	6
參考	1
報告	3
決定	5
怎麼樣	3
最好	2
不過	1
想先	1
雙方會	1
考慮	2
共同	3
持有	1
所謂	7
時間	7
父親	1
母親	2
上面	2
同意	2
看法	5
女兒還	1
太小	1
不應	2
既然如此	1
先	2
社工	1
探視	1
等到	1
庭期	5
讓	12
有陳述	1
機會	1
謝謝	2
毒品	6
危害	2
防治	2
條例	2
違反偽	5
證罪	5
若為	2
規範者	1
可請求	1
檢察	4
官陳述	4
犯罪	4
要旨	5
如起	5
訴書	5
所載	5
入境	2
被查	1
行李箱	1
高爾夫	9
球袋	9
藏有	2
經檢驗後為	1
海洛因	3
重量	1
達	2
公克	1
所列	1
之一	2
級	1
檢察官	12
起訴	5
運送	1
之罪	1
對此	3
罪名	1
有何	5
辯解	5
出發地	1
為何	4
幾月	1
幾日	1
搭乘	1
飛機	2
航班	1
途中	1
無	2
轉機	1
隨身	1
行李	2
運	1
高爾夫球	1
袋中	1
幾根桿子	1
球桿	1
這高爾夫	1
誰給	1
哪裡給	1
給你	2
它	2
帶入	1
認識	5
姓	1
真名	1
球袋給	1
對方答	1
應要	1
付	1
美金	4
為酬	1
代價	2
進台灣	1
對方有	1
當你到	2
接洽	1
那個	16
手機	22
扣案	1
證物	1
這支	4
是不是	4
提及	1
委	3
人給	1
哪一天	1
除了	6
手機外	1
還有給	1
東西	2
他給	1
目的	7
用途	1
進入	1
打電話	1
碰面	1
人會	2
你剛	2
剛還	1
之外	5
也給	1
元	2
算是	1
酬勞	1
成功	2
回到	6
泰國	1
接受	4
這份委	1
不覺	2
金入	1
高	2
想過	1
帶來	1
就算	3
裡面	5
真的	4
金	3
攜帶	1
違法	3
覺得	3
帶黃金	1
不會	6
袋子	1
檢查	1
過裡面	1
貨品	1
這麼	2
信任	2
受騙	1
有表達	1
合作	2
生意	1
才	6
不疑	1
追加	1
進	7
一步	7
具體	1
可幫助	1
查到	1
細節	5
羈押	1
代為	4
審理	5
會面	1
案情	4
如	1
必要	3
連絡	1
家人	4
如卷	1
所示	1
訂中華民國	4
分進行	2
刑事	2
簡易	2
字	8
通姦	9
玉華	1
新店	1
中正路	1
規定	2
資格	1
外遇	12
人陳玉華	1
提起	4
這次	4
任職	3
補習	15
班	10
同事	24
從往	2
過密	2
且	2
其	10
簡訊	37
記錄	2
中查	2
一些	16
親密訊息	1
加上	3
常常	10
藉	2
故	4
加班	6
深夜	2
王彩燕	5
視訊	2
之交談	2
因告訴	2
蒐集	2
之通訊	4
內容	28
已	4
超過	4
同	2
誼	2
此告訴	2
懷疑	10
要告	2
罪	5
作何	2
釐	4
清	3
實有	2
情事	3
足以	2
構成	2
先請	4
結婚	14
多久	3
四年	4
國外	5
前	2
剛來	2
教	8
葡萄牙文	10
那過	2
幾年	2
剛開始	2
一位	2
繼續	4
很多	9
人學	2
語言	3
授課	2
時數	2
一直	5
甚至	2
一兩個	2
課程	24
空	2
窗期	2
開始	9
英文	14
母語並	2
進修	4
講到	3
台灣念	2
學位	12
台灣教	4
必須	7
取得	4
英語	4
教學	10
他在網	2
路上	2
找到	4
美國	4
加州	2
遠距	2
人去	2
用	6
函授	2
完成	10
要求	7
所有	4
學分	2
碩士	16
計畫	5
透過	2
美國學位	2
教師	2
對象	2
樣的關	2
中師	6
外師	2
搭	4
檔	4
女	4
班上	2
一開始	5
注意	2
留在	2
學校	2
問過	2
幾次	2
只不過	2
美語	2
溝通	10
我後來	2
接到	5
電話	6
而	9
面前	2
講	2
特地到	2
書房	2
去講	2
這讓	2
有所	3
查看	3
在手	2
機中	2
尋常	2
通訊紀錄	2
同一	4
好奇	2
查	4
之後才	2
幾乎	2
每天	3
通	2
還好	2
不宜	1
罷了	2
已婚	2
方發	2
親密	3
字句	2
內容給	2
卷	2
夾裡面	2
一	13
這邊	7
幾通	2
看	7
這幾個	2
你問	2
第一封	2
分	6
送到	2
發信	2
待過	2
思想	2
西化	2
情感	2
開放	2
一點	3
愛	3
前面	3
那句	4
兩天	2
上班	2
課	2
輔助	2
第二封	2
發送給	2
訊息	3
這句	2
方會發	2
簡訊給	2
幫助	8
做作	6
業嗎	2
解釋	8
到底	2
念	2
文化	4
給什麼樣	2
作業	12
一定	3
中文	8
中所給	2
練習	2
翻譯	2
句子	2
問了	2
一句	3
答案	2
打成	2
發簡訊給	2
這封	2
解答	2
業的	1
這些	7
業	2
尋求	3
方才	2
發給	2
那針	3
何解	2
釋	2
根據	2
說法	2
夫妻	3
之間	7
似乎	2
有些	2
愉快	2
所講	2
兩	2
年期	2
最後沒有	2
註	2
冊	2
學	6
最	3
期	2
誠如	2
所述	2
最後一個	2
學期	4
合理	2
推斷	2
卻	4
儘	2
管	2
不斷	2
更加	3
流利	2
這位	4
扮演	2
角色	3
像	4
家教	2
囉	2
有付	4
錢給	4
半夜	2
寢	2
還不辭	2
辛勞	2
你現	2
那家	2
班教	2
問檢察官	2
傳喚	3
事證	6
傳訊	2
任職伯元	1
以證	2
的關	2
以及	3
那些	4
撰	3
寫	5
背景	2
及	3
班針	1
人的關	2
採取	3
行動	3
其中	2
更	2
試圖	2
服該	2
女王	1
彩燕	1
離職	2
班求證	2
法庭	7
早就	2
實在	4
理由	3
以	7
業為	2
藉口	2
互動	4
尤其	2
大多	2
晚上	4
九點	2
鐘以	2
起人疑	2
竇	2
分進	2
行證	2
詰問	2
妨害	4
名譽	9
姜彤	1
學勤路	1
具結	1
因	3
起因	1
日到	1
日之間	1
網際	1
網路	1
論壇	5
名為	1
外國園	4
發表	7
一連串	2
評論	2
雖此	1
台	1
交流	1
平台	3
利用	1
公司	20
批評	3
致使	1
受損	2
簡要	1
描述	1
活動	1
文章	10
抓個	1
頻率	1
一篇	2
偵券	5
這一頁	1
取自	1
中發表	1
文中	1
請陳述	1
某	1
問有	1
當中	3
明確	1
指出	4
全名	1
人時	1
沒有照	1
勞基法	1
工時	1
工資	1
福利	1
更不時	1
幫外	1
國人	1
申請	3
簽證	1
這樣講	1
從	3
朋友	10
第一手	1
公開	1
直接	5
轉述	1
一系列	1
清所謂	1
真相	1
自外	1
國園	2
抓	1
下來	1
內容並	1
完整	1
記憶	2
所及	2
連續	1
幾篇	1
說當	1
版主	1
刪文	1
動作	4
完全	1
辦法	1
一共	1
事件	3
發表過	1
幾	1
篇文章	1
曾經	2
過該	1
停止	1
有照	1
堅持	4
毀謗	2
事實	1
那請	1
貴	5
瞭解	2
有關	1
表示	1
以陳述	1
毀謗貴	1
何意	2
不管	1
質疑	1
實際	1
損害	1
那勞	1
工局	1
前往	1
證的	1
勞工局	1
不妥	1
之處	2
自清	1
第一	2
正式	1
在外	1
不論	1
造成	2
實質	1
第二	2
友人	4
聽到	1
待	1
勞工	1
嫌	1
書	3
意圖	1
這顯然	1
部分	3
拒絕	2
擔心	1
相關	2
無法	4
退	1
只能	1
將	2
彙	1
整	1
選擇	1
當事	3
人談	1
一談	1
庭上	1
其實	2
既然	3
消息	1
自	1
名字	1
給我們	1
告一段落	1
態度	4
報告鈞院	1
顧慮	1
過去	1
惹	1
不必要	1
麻煩	1
望	1
請鈞院	1
定中華民國	1
上午	1
點整	1
那告訴	1
不再	1
發傳票	1
而是	1
在庭	2
橘色	1
小卡	2
領取	1
再行	1
離開	1
竊盜	2
審易	6
葉憶	1
萱	1
號竊盜	1
民國	1
樹林區	1
交叉口	1
門	1
口前	1
盜取	1
他人	1
摩托	21
車一輛	1
經由	1
車	13
持有人	1
柑園	2
附近	1
尋獲	1
門口	4
車為	1
帶傘	1
人家	1
車子	3
那部	2
別部車	1
車的	3
主人	3
忘	1
鑰匙	1
車子還	1
車子後來	1
跑	1
報警	1
乃論	1
不告	1
撤掉	1
方有	1
過程	1
雙方有	1
達成	1
數字	1
要簽	1
經簽	1
會訂	1
正本	1
帶過	1
需不需要	1
他來	1
幫忙	1
開庭	2
所有人	1
當事人	1
細由	1
無意	1
本案	1
再寄	1
傳票	1
涉案人	1
請務必	1
協助	2
可選任	1
公共	1
林宏昱	1
王宇涵	2
仁愛路	1
法令	1
簡述	1
蓉	2
兒	2
恰當	1
簡訊表達	1
頁數	1
結束後七個	1
美而美	1
美	1
美補	1
習班針	1
女黃蓉兒	1
跟黃蓉兒	1
號傷害	1
王觀	1
臻	1
最高	1
可處	1
七年	1
有期徒刑	1
傷害案	1
"	"	3
因病	1
請假	1
會先	2
晚間	2
分在	1
自家	3
板橋	1
區長	1
江路	1
車被	1
挪動	5
鄰居	2
即告	2
訴人	2
口角	5
進而產生	1
肢體	1
衝突	5
經告訴	1
至	1
醫院驗傷	1
醫師	1
診斷	2
手臂	2
身體	1
多處	1
挫傷	2
瘀	2
青	2
刑法	1
條之傷	1
害罪	1
做何	1
答辯	1
均	1
可	1
本	1
件	1
不申	1
自行	1
發言	1
並發問	1
爭執	2
進而	1
衍生	1
成肢體	2
警局	3
當中陳述	1
六點	1
半	1
車停	1
便	1
上樓	1
之後用	1
完	1
晚餐	1
往樓	1
正要	1
立刻	1
下樓	1
鄰居張	1
大明	1
牽	1
問他	2
車擋	1
停	1
位置	3
移開	1
的車	1
停放	6
第一次	1
以前	2
警察局	1
為類	1
似的	1
備過案	1
社區	3
位子	2
只要	1
有空	1
有畫	2
停車格	2
中顯示	1
一天	1
何會	1
演變	1
移動	1
上前	2
制止	1
推擠	1
先動手	2
訊	1
問記錄	1
行	1
這裡	2
對方用	1
手	2
抓住	1
把手	2
緊緊	1
不放	1
硬是	1
強行	1
撥開	2
剛講	1
手時	1
反應	1
不但	1
放開	1
鉗	1
握住	1
推	2
肩膀	1
用力	1
市立	1
聯合	1
醫院	1
診療	1
醫生	2
人身	1
體與	1
有多處	1
任何人	1
證實	1
所陳述	1
發狀況	1
女朋友	2
準確	1
現場	1
然後嘗試	1
拍下	1
拍	1
問到	1
初步	1
開	1
庭前	1
巷口	1
能調	1
閱錄	1
影帶	3
哪	1
區間	1
正確	1
查閱	1
監視錄	2
訂為	1
當日會	1
庭檢	1
閱本	1
並請	1
雙方陳述	1
我來	1
處理離	1
婚案	1
案號	1
張維祥	1
大觀路	1
經為	1
年度	1
婚字	1
號離婚	1
僅當	1
如有	1
虛偽	1
傳譯	1
願受	1
偽證	1
處罰	1
僅此	1
區結	1
蘇宏林	1
號日	1
您	13
聯	2
繫	2
林熙蕾	2
身份	1
復	1
興	1
南路	1
二段	1
辦理	1
有律師	1
請律師	1
代表	1
先詢	1
原因	3
然後再	1
感受	1
清楚	1
流程	1
老公	3
年齡	2
差距	2
太大	1
大約	1
談戀	1
愛的	1
價值觀	1
匹配	1
幸福	1
我平時	1
高度	1
總	3
關心	2
名義詢問	1
遇見	1
隨著	1
推移	1
我覺	3
越來	1
越	1
認真	1
關於關	1
心	1
比如	1
崇光	1
百貨	1
清風	1
廣場	1
包回	1
問	2
關於	1
變得	1
更糟	1
厭倦	2
丈夫	5
法國人	1
法語	1
交談	1
每逢	1
節	1
假日	1
特殊	1
場合	1
聚在一起	1
我病	1
幾天	1
我媽	1
媽來	1
我家	1
障礙	1
很長	1
生活	4
支持	1
這兩點	1
回答者	1
妻子	4
談論	1
形式	2
出現	2
精神疾病	1
剛才	4
精神科	1
心理	1
病	1
一般	1
正常	1
台灣人	1
看來	2
勸	1
諮	8
詢	7
詢師	1
職責	1
找出	1
也許	1
通過	1
顧問	1
助您	1
根本	2
盡力	1
你會	1
曾	1
建議過	1
方法	1
無能	1
為力	1
說服	1
我想	1
嘗試	1
等等	1
男朋友	2
會導致	1
持懷疑	1
確實	1
抱	1
男性	2
當一個	1
心情	2
總是	2
聊聊	1
聊天	2
當作	1
家庭	1
醜聞	1
友好	1
然後認	1
婚外情	1
寫下	1
付出	1
很大	2
努力	1
理解	1
一部分	1
取意	1
有個	1
概念	1
愛一個	1
出去	1
有別	1
維持	1
健康	1
基礎	1
重要性	1
不太願意	1
您將	1
此案	1
轉至	1
中心	1
看看	2
不得不	1
提	1
一切都是	1
空話	1
我會給	1
案例	1
左右	1
效果	1
必須給	1
容易	2
大家	1
相聚	1
共處	1
難	1
當準確	1
下一個	1
